ID,Name,PhotoUrl
660752746,Yvonne Vasquez,https://randomuser.me/api/portraits/women/30.jpg
844603767,Vicki Perez,https://randomuser.me/api/portraits/women/48.jpg
567144838,Pat Palmer,https://randomuser.me/api/portraits/men/19.jpg
837626628,Alberto Stanley,https://randomuser.me/api/portraits/men/7.jpg
774454486,Veronica Mendoza,https://randomuser.me/api/portraits/women/46.jpg
295966471,Mason Knight,https://randomuser.me/api/portraits/men/96.jpg
719346195,Arthur Davidson,https://randomuser.me/api/portraits/men/70.jpg
236524295,Ricardo Soto,https://randomuser.me/api/portraits/men/7.jpg
217196305,Justin Watts,https://randomuser.me/api/portraits/men/46.jpg
867424811,Heidi Lee,https://randomuser.me/api/portraits/women/17.jpg
